data,trends
2021-06-08,"Pedro Adão e Silva,Fastly,Reddit,Dia Mundial dos Oceanos,Macron,Vacina Moderna,Lorde,Fatima Lopes,Portugal  Israel,Tania Ribas de Oliveira,Rick and Morty,João Conceição,Gordon Ramsay,Portugal. Alemanha,Portugal Alemanha sub-21,WWDC,Musetti,Vacina covid,Certificado digital Covid,Pedro Lima"
2021-06-09,"Portugal Israel,Bruno Lage,Brasil,Desconfinamento,Sao Paulo,Dia de Portugal,Loki,Manuel Marques,Camila Cabello,Jogo Portugal,Rock in Rio 2022,El Salvador,Cuca Roseta,Benzema,Helena Coelho,Claudia Vieira,França,Ratko Mladic,Argentina,Ruy de Carvalho"
2021-06-10,"Cristiano Ronaldo,Palmeiras,Fernando Medina,Margarida Corceiro,Maria João Abreu,Ugarte,Anri Egutidze,Cruzeiro,Sporting Porto hoquei,Tom Cruise,Amybeth McNulty,Eurocopa,Natalie Portman,Cancun,Dia de Portugal,Portugal Israel,Eclipse solar,Portugal fc,Rui Silva,Seleção"
2021-06-11,"Neno,G7,Lupin,Medidas desconfinamento,Lorde,Lost Ark,Daniela Braga,Tenerife,Tsitsipas,Ratchet and Clank: Rift Apart,Turquia vs italia,Gabriel Medina,Internacional,Cláudio Ramos,Bernardo Sassetti,Peglow,Euro 2020,Epic Games,Futsal Sporting Benfica,Fernando Medina"
2021-06-12,"Dia dos Namorados,Isabel Silva,Sara Matos,Nzonzi,Piscina das Marés,Pavlyuchenkova,IMPA,Seleção Italiana,Neno,Roland Garros,Italia Turquia,UEFA EURO 2020,Euro 2021,Eurocopa,Antonio Torrado,Jorge Fonseca,Andrea Bocelli,TVI,Pipoca Mais Doce,Lupin"
2021-06-13,"Diogo Dalot,Inglaterra croacia,Santo antonio,Palmeiras,Luciana Abreu,UFC,UFC 263,Chris Evans,Andreia Rodrigues,Diogo Jota,Cruzeiro,Jude Bellingham,Nani,Iniciativa Liberal,Certificado digital Covid,Dani,Seleção inglesa,Kjaer,Lukaku,Ericksen"
2021-06-14,"Republica Checa,Israel,Manuel Marques,Patrik Schick,Ned Beatty,Jardel,Paulo Sousa,Novavax,Tiago Barbosa Ribeiro,Rodrigo Faro,Copa america 2021,Battlefield 2042,Matheus Nunes,Diogo Dalot,Roland Garros,Brasil  Venezuela,Inglaterra croacia,Paises Baixos,Santo antonio,E3"
2021-06-15,"Portugal,Cristiano Ronaldo,Seleção portuguesa,Lisa Banes,Georgina Rodríguez,Jennifer Lopez,Portugal Euro 2021,Chrissy Teigen,Convocados Euro-2020,Jogos de Portugal Euro 2020,NFT,David Archuleta,Bandeira Portugal,Franca Alemanha,Portugal Hungria,Manuel Marques,Paulo Sousa,Espanha,Agendamento Covid,Hungria"
2021-06-16,"Britney Spears,França-Alemanha,Portugal,SIC,Portugal FC,TVI,Bandeira de Portugal,Natasha Semmynova,RTP,Diogo Jota,Grupos Euro 2020,TSF,Nelson Semedo,Bernardo Silva,Mbappe,Marca,Georgina Rodríguez,Portugal euro 2021,Euro2016,Jennifer Lopez"
2021-06-17,"Brasileirao,Laura Figueiredo,Lady Loki,Certificado Digital COVID,Proença-a-Velha,NOS Alive,Italia,Casos covid hoje,SNS,Sergio Ramos,Fabio Cardoso,Pais de Gales,Pogba Heineken,As,Diogo Martins,Kylie Jenner,Finlandia russia,Lazaro,Casos covid,Mario Fernandes"
2021-06-18,"Eduardo Cabrita,Inglaterra,MotoGP,Brasil Peru,Elite,Suecia eslovaquia,F1,Luca,Croacia,Antonio Guterres,Coracia republica Checa,Reino Unido,Brasil,Françoise Hardy,Paola, Ferrari,Heidi Ferrer,Juneteenth,Tania Ribas de Oliveira,Alex Harvill,Joel Rocha"
2021-06-19,"Portugal,Portugal Alemanha,Desporto,TVI,Carlos Miguel,Cristiano Ronaldo,Espanha,SIC,Bruno Fernandes,Joao Moutinho,Grupos EURO 2020,Manuel Neuer,Formula 1,Andre Silva,Bernardo Silva,Argentina Uruguai,Eder,Resultados Euro'2020,Emanuel,Sofia Alves"
2021-06-20,"Verão,Agendar vacina,Certificado de vacinação,Dia do Pai,Hoquei em patins,Max Verstappen,Variante Delta,Flamengo,Kevin Durant,Lourenço Ortigão,Pedro Lima,Claudia Vieira,Meghan Markle,Elma Aveiro,Rick and Morty,Ana Moura,Pedro Abrunhosa,Ponte de Sor,Jeff Bezos,Vice-Almirante Gouveia e Melo"
2021-06-21,"Vacina Covid,Portugal França,Vacinação covid,Auto-agendamento,Adulai djalo,Fundo Ambiental,Belgica,James Michael Tyler,Vacinacao Covid,Movimento Zero,Vacinação,Palmeiras,Guendouzi,Kim Min-jae,Matriculas,Direção-Geral de saude,Rita Ferro Rodrigues,José Castelo Branco,Luisa Villar,Bucareste"
2021-06-22,"Alemanha Hungria,Portugal França,Hungria Alemanha,Mabel Calzolari,Croacia,Joao Moutinho,Vacina covid perto de mim,Eder,Euro 2020 oitavos-de-final,Greve Metro,Certificado digital de vacinação,Delta Plus,República Tcheca Inglaterra,Maria Botelho Moniz,Avril Lavigne,Gil Dias,Carl Nassib,Nuno Tavares,Argentina Paraguai,Altice"
2021-06-23,"Vacina Covid,Tony Carreira,Alemanha Hungria,Hungria,Portugal,EURO 2020 grupos,Desporto,Ali Daei,John McAfee,Rui patricio,Aracnoidite,UEFA Euro 2020,Palhinha,Budapeste,Diogo Dalot,Pepe,Classificação EURO 2020,Eurocopa,Jogos Euro-2020,Joao Palhinha"
2021-06-24,"Certificado Digital,Certificado covid,Britney Spears,Windows,Brasil Colômbia,Copa america,Euro2020,Messi,Ana Rocha de Sousa,Eder,Bruno Fernandes,Morelos,TSF,José Cid,William Carvalho,Jogo,Miami,Dolores Aveiro,Neymar,Kate Hudson"
2021-06-25,"Francisca Cerqueira Gomes,Gil Dias,Angelico Vieira,Andrea Bocelli,Tour de France,Rita Guerra,Matt Hancock,Jack Grealish,Tour de France 2021,Derek Chauvin,Holanda,Mancini,Gouveia e Melo,Monica Sintra,Israel Covid,Michael Jackson,Joao mario,Fernanda Serrano,Bacurau,Harry Wilson"
2021-06-26,"Italia austria,Pais de Gales,Belgica Portugal,Maria do ceu Guerra,Chiesa,Donnarumma,Bolsonaro,Franco Foda,Ariana Grande,Nani,Paulo Oliveira,Ruben Rua,Roberto Mancini,Valerie Bacot,Açores,Volta a França,Chequia,Abdalelah Haroun,Seleção italiana,Carolina Patrocínio"
2021-06-27,"Tour de France,Paises Baixos,Juventude  Flamengo,Haaland,Reino Unido,Mathieu van der Poel,Chainsaw Man,Krzysztof Kieślowski,Erriyon Knighton,Wayne Rooney,Tiago Monteiro,Matias vina,Italia austria,Pais de Gales,Belgica Portugal,Maria do ceu Guerra,Chiesa,Donnarumma,Bolsonaro,Nani"
2021-06-28,"França Suíça,Lazaro,Espanha Croácia,Franca Euro,Dua Lipa,Mbappe,Espanha,Angelico Vieira,Wimbledon,Marta Temido,Bruno Candé,Xhaka,Cardi B,Didier Deschamps,Nanda Costa,France,Pogba,Sao Pedro,Catarina Castanhas,Benzema"
2021-06-29,"Alemanha Inglaterra,Joe Berardo,Suecia ucrania,Ed Sheeran,Carolina Patrocínio,Kylian Mbappé,LGBTQIA,Paulo Oliveira,Mark Cavendish,Kante,Fernanda Serrano,Vitinha,Radonjic,Brooklyn Beckham,David Tavares,Laura Figueiredo,Arcos de Valdevez,Maria João Abreu,Joachim Low,Ronaldo Sporting"
2021-06-30,"Messi,Eduardo Cabrita,Bill Cosby,Donald Rumsfeld,Sancho,Nuno Espírito Santo,Antonio Cordeiro,Giannis Antetokounmpo,Petauro do Açucar,Lady Gaga,Sebastian Soto,João Figueiredo,Antonio Costa,Allison Mack,Canada,Zinchenko,Betty Faria,Morelos,Marina Ruy Barbosa,Gal Gadot"
2021-07-01,"Novas medidas covid,Sporting,Exame portugues 2021,Fabio Cardoso,Bruno Alves,Coimbra de Matos,Sergio Ramos,Princesa Diana,Vacina contra covid-19,Julho,Fulham,Novas restrições,Agendamento vacina,Lourenço Ortigão,Testes Covid,Ana Paula Vitorino,Mario Gonzalez,Internacional Palmeiras,Young Royals,Sporting Nike"
2021-07-02,"Euro 2020,Espanha Suíça,Inglaterra,Euro 2021,Tom Holland,Euro,Agendamento covid,Sommer,TVI,Nininho Vaz Maia,SIC,Spinazzola,Doku,Andre Silva,Euro 2020,Suiça,Ricardo Esgaio,Gisela João,Toni Kroos,Ana Malhoa"
2021-07-03,"Copa america,Dinamarca,Joao mario,Constança Braddell,Jim Morrison,Sara Matos,Titanic,Max Verstappen,Rodrigo Faro,Brasil,Golfo do mexico,Lando Norris,Tom Cruise,Pogacar,Shevchenko,Pedro Teixeira,Federer,Sebastian Soto,Benfica B,Ponte de Lima"
2021-07-04,"Agendamento covid,Sara Salgado,Marcação vacina covid,O Amor Acontece,Vacinação,Papa Francisco,Palmeiras,Trincão,Argentina,Flamengo Fluminense,Selena Gomez,Fátima Lopes,Covid agendamento,4 de julho,Fernanda Serrano,Mafra,Kelly Bailey,Vacina,Hoquei feminino,Post Malone"
2021-07-05,"Brasil Peru,Raffaella carra,Olivia Wilde,Cervi,Tiago Rodrigues,Tomas Esteves,Auto-agendamento vacinação,Italia Espanha,Flamengo,Al Musrati,Arouca,Sara Carbonero,Vizela,Burnout,Centro de Vacinação,Marcos Paulo,Gremio,Gettr,Cuba,Taiwan"
2021-07-06,"Variante Lambda,Daniel Mickelson,Richard Donner,Cameron Boyce,Clara de Sousa,Gwen Stefani,Roger Federer,Samuel,João Cancelo,Tiago Dantas,Boris Johnson,Ricardo Salgado,Marte,Carlos do Carmo,João Mário Sporting,Raffaella carra,Brasil  Peru,Olivia Wilde,Cervi,Tiago Rodrigues"
2021-07-07,"Luis Filipe Vieira,Haiti,Scarlett Johansson,Marca,Dia Mundial do Chocolate,Final Euro,Dilip Kumar,Mont Ventoux,Certificado Digital COVID obter,Tarantini,Francisca Cerqueira Gomes,Cruzeiro,Lotus Emira,Argentina,Chiellini,Variante Lambda,Inglaterra Dinamarca,Pedri,Chiesa,Morata"
2021-07-08,"Calendario escolar 2021,Maria João Abreu,Rodrigo Faro,Palmeiras  Grêmio,Megan Fox,Dubai,Carlos Reutemann,Liliana Campos,Forno d'Oro,Robert Downey Jr,Sara Vieira,Footlab,Orbelín Pineda,Gossip Girl,Euro final,Halsey,Akshan,Leonardo Da Vinci,Test Drive Unlimited Solar Crown,Luciano Szafir"
2021-07-09,"Certificado de vacinação,Certificado covid,Krovinovic,Teste rapido Covid,Testes rapidos Covid,Teste Covid,Infarmed,Teste Covid farmacia,Monsanto,Ribadouro,Ruben Vinagre,James Harden,Elize Matsunaga,Dino Santiago,Cláudia Vieira,Concelhos em risco muito elevado,Concelhos em alerta,Primeira Liga,Atypical,Peter Sagan"
2021-07-10,"Incendio Lisboa,Brasil-Argentina,Vitor Silva Costa,José Castelo Branco,Genshin Impact,Colômbia  Peru,Inglaterra italia,Mark Cavendish,Certificado covid-19,Luis diaz,The Witcher,Nelson Oliveira,Tom Hanks,Certificado de vacinação,Certificado digital covid obter,Rui Costa,Krovinovic,Novas regras covid,Conor McGregor,Ruben Vinagre"
2021-07-11,"Richard Branson,Brasil FC,SBT ao vivo,Wimbledon final,Papa Francisco,SporTV,Graça Freitas,Gremio,Borrell,Copa america,Final Euro-2020,Incendio Lisboa,Certificado covid-19,Vitor Silva Costa,Palmeiras,Nuno Tavares,Flamengo,José Castelo Branco,Florence Pugh,Ashleigh Barty"
2021-07-12,"Constança Braddell,Certificado covid-19,DJ Ivis,FIFA 22,Sara Matos,John Textor,Gianluca Vialli,Campeonato da Europa,Jejum intermitente,Carmo Dalla Vecchia,O que é fibrose quistica,Vitor Fernandes,Fatima Lopes,James rodriguez,Melhor jogador Euro 2020,Euro 2008,Mundial,Copa do Mundo,Corinthians,Otamendi"
2021-07-13,"Aleix Vidal,TST,Lando Norris,Pedro Nuno Santos,Piscina mais funda do mundo,Timothée Chalamet,Shakira,Nuno Melo,Exame matematica,CEJ,Fransergio,Fernanda Câncio,Fibrose quistica,Certificado covid-19,DJ Ivis,Vacina Janssen,Europeu,UEFA Euro 2020,John Textor,Carmo Dalla Vecchia"
2021-07-14,"John Textor,Florentino perez,Millie Bobby Brown,Psg,Globos de Ouro 2021,Globos de Ouro,Bolsonaro,Pogacar,Boca Juniors,Sao Paulo,Loki season 2,WandaVision,The Mandalorian,Joao mario,Maria João Abreu,Armando Vara,Aleix Vidal,Rui Patricio!,TST,Jacob Zuma"
2021-07-15,"Concelhos de risco,Defensa y Justicia  Flamengo,Mafalda Castro,Sabado,Diogo Leite,Novas medidas covid,Universidad Católica  Palmeiras,Farmacias teste covid,Alemanha,Patrick Swayze,Christian Boltanski,Borderline,Eu Nunca,Bolsonaro,Sporting Portimonense,Certificado vacinação,Elon Musk,Florentino perez,John Textor,Loki season 2"
2021-07-16,"Fernando Daniel,F1,David Carreira,Garay,Stream Deck,Peter R. de Vries,Sara Carreira,Pop Smoke,Formula 1,Fernanda Serrano,Ana Bola,Ana Paula Vitorino,Jogos olimpicos,CPLP,Incendios,Jogos Olímpicos 2021,Nossa Senhora do Carmo,Ministro do Ambiente,Quais os concelhos de risco,Incêndio"
2021-07-17,"Greve Groundforce,Reguengos de Monsaraz,Sao jose Correia,Monchique,Biz Markie,Luis Pereira de Sousa,Eduardo Cabrita,Ryan Gauld,Agir,Arsenal,Vanessa Martins,Fernando Daniel,F1,Meite,Benfica Casa Pia,Garay,John Textor,Tony Carreira,Benfica hoje,Jogos olimpicos"
2021-07-18,"Formula 1,Derby County  Manchester United,Titane,Tiago djalo,Incendios,Britney Spears,Ruben Rua,Santa Cruz,Toy,Bucks,Renato Sanches,Pilar Bardem,Corinthians,Nelson Mandela,Silvestre Varela,Concelhos em risco elevado,Charles Leclerc,Praia de Carcavelos,Monchique,Greve Groundforce"
2021-07-19,"Champions League,Krovinovic,Marta Faial,Blaya,Isabel dos Santos,Spartak moscow,Rui Tavares,Katie Hopkins,Luisa Sonza,Trail,Kurt Westergaard,F1,Benfica,Derby County  Manchester United,Benfica almeria,Titane,Olivia Rodrigo,Hi5!,Bahia, Flamengo,Santa Cruz"
2021-07-20,"Rogerio Samora,Jeff Bezos,Sigurdsson,Dia do Amigo,Grujic,Shakira,Ricardinho,Chester Bennington,Carlos Lisboa,Pyong Lee,Olivia Breen,Halsey,Kanye West,Praia dos Pescadores Albufeira,Paulo Rangel,Champions League,Blaya,Krovinovic,UEFA,Marbella"
2021-07-21,"NBA,Jogos olimpicos,Boca Juniors,PES,Meite,Pokemon Unite,Mastiksoul,Brisbane,Paige Almendariz,Cruzeiro,Pedro Teixeira,Benfica  Lille,Wolves,Alfarroba,Gustavo Santos,Tom Clancy,Rogerio Samora,Jeff Bezos,Sigurdsson,Dia do Amigo"
2021-07-22,"Brasil Alemanha,Tony Carreira,Flamengo  Defensa y Justicia,Rodrigo Conceição,Yaremchuk,Palmeiras  Universidad Católica,Dubai,Reinildo,Dwayne Johnson,The Rock,Alaba,Caetano Veloso,Assunção Cristas,Giannis Antetokounmpo,Jogos olimpicos 2021,PES,Meite,Benfica Lille,Pokemon Unite,PSG  Augsburg"
2021-07-23,"Frederico Morais,Palácio da Justiça Porto,Kanye West,Amy Winehouse,Vila Nova de Milfontes,Fernanda Serrano,One Direction,Sindrome de Guillain-Barré,Selena Gomez,Agir,Naomi Osaka,Goucha,Internacional,Joice Hasselmann,Alfabeto japones,Nelson evora,Daniel Radcliffe,Ai Weiwei,JogosOlimpicos 2021 Abertura,Tonga"
2021-07-24,"Tony Carreira,Catarina Costa,Ciclismo Jogos olimpicos,Andebol Jogos olimpicos,Rui Bragança,Bayern  Ajax,Jorge Jesus,Formula e,Simone Biles,Castelo de Paiva,Calendario Jogos olimpicos,Onde ver os jogos olimpicos,Skate Jogos olimpicos,Kevin Durant,Catarina Furtado,Luz,Jogos olimpicos,Portugal Jogos olimpicos,QPR - Manchester United,Amy Winehouse"
2021-07-25,"Otelo Saraiva de Carvalho,Gustavo Ribeiro,Joao Sousa,Filipa Martins,Palmeiras,Teresa Bonvalot,Hugo millan,Arcos de Valdevez,Camila Cabello,Barcelona,Dia Mundial dos Avós,Porto Lille,Catarina Mira,Kaio Jorge,Spartak Moscovo,Charlene monaco,ROC russia,Portel,Virgilio Pereira,Rogerio Samora"
2021-07-26,"Michael Lewis,Simone Biles,Sardenha,Andebol Jogos olimpicos,Rooney,Rayssa Leal,Margarida Corceiro,Miguel Oliveira,Tom Daley,Alfredo Tavares,Tamila Holub,Tunisia,Tiago apolonia,Marcos Freitas,Luan Santana,Judo Jogos olimpicos,Rebeca Andrade,Everton,  Millonarios,Popeyes,Pegasus"
2021-07-27,"Infarmed,Anri Egutidze,49,Gabriel,Wolves,Tribes of Midgard,Ariarne Titmus,Novas medidas covid,Benfica Marselha,Simone Biles,Sardenha,Melanie Santos,Michael Lewis,Rayssa Leal,Feliz Dia dos Avós,Rooney,Andebol Jogos olimpicos,Tom Daley,Miguel Oliveira,Margarida Corceiro"
2021-07-28,"Vacinação Covid,Autoagendamento,Auto-agendamento,Covid vacinação,Censos 2021,Bob Odenkirk,Medalhas dos Jogos Olímpicos de 2020,Orlando Drummond,PSG,Naomi Osaka,Proença de Carvalho,Matheus Nunes,Joao Almeida,Rodrigo Torres,Corey Taylor,Covid-19 agendamento,Wentworth Miller,Manafa,Copa do Brasil,Metallica"
2021-07-29,"Rebeca Andrade,Nelson evora,Bento leitao,Sunisa Lee,Carolina Loureiro,Maria Botelho Moniz,Conselho de Ministros hoje,Lewis Hamilton,Marisa Liz,Monica Sintra,Neve no Brasil,Jose Mourinho,North Music Festival,Mila Kunis,João Mário,Ministerio da saude,NBA draft 2021 time,Alasca,Agendar vacina,Vacinação covid"
2021-07-30,"Outer Banks,Flamengo,Westbrook,Scarlett Johansson,Olga Prats,David Carreira,Daniela Melchior,Teddy Riner,Djokovic,Dia da Amizade,Rui Fonseca e Castro,Wendell,Happier Than Ever,Santa Clara-Shkupi,Plano de desconfinamento,Ma Long,Neemias Queta,Jorge Fonseca,Medidas Covid,Mamona"
2021-07-31,"Jacob Desvarieux,Noah Gesser,Luis osorio,Irina Rodrigues,Rui Oliveira,George Clooney,Vinicius,Ana Gomes,Imelda Staunton,Cruzeiro,Carlos Nascimento,MC Kevin,João Félix,Yaremchuk,Outer Banks,Supertaça,Olga Prats,F1,Westbrook,Flamengo"
2021-08-01,"Yulimar Rojas,Lamont Marcell Jacobs,Rebeca Andrade,Liga nos,Agosto,Andebol Portugal,São Paulo  Palmeiras,João Mota,Lancamento do peso,Carolina Deslandes,Bray Wyatt,Francis Obikwelu,Pedro Silva,Andebol,Salto em altura,1 de Agosto,Boris Johnson,Mario Ferreira,F1,Porto"
2021-08-02,"Formula 1,Renato Sanches,Liliana ca,Exames nacionais,MC Kevin,Sifan Hassan,Fred Durst,Jay Pickett,Zeca Afonso,I love Portugal,Lumor,Laurel Hubbard,Jade Carey,Princesa Eugenie,Papa Francisco,Guns N' Roses,Lollapalooza,Fernando Pimenta Jogos olimpicos,Bruno Fratus,Mamona"
2021-08-03,"Armand Duplantis,Christine Mboma,Francisco Belo,Cátia Azevedo,Brasil Jogos Olímpicos,Luciana Diniz,Liliana Santos,Matt Damon,Carolina Deslandes,Japão Jogos Olímpicos,Pipoca Mais Doce,Zeca Afonso,Formula 1,Jay Pickett,Marta Pen,Volta a portugal 2021,Atletismo Jogos Olímpicos,Jose Afonso,Sifan Hassan,MC Kevin"
2021-08-04,"Lucas Santos,Kelly Bailey,Sky Brown,Rogério Samora ator,Medalhas jogos olimpicos 2021,Meghan Markle,Ana Marcela Cunha,Andrew Cuomo,Control Z,Ricardo Horta,City  Blackpool,Carolina Patrocínio,Marta Pen Freitas,Jason Momoa,Joao Macedo,Angélica André,Benfica jogos,Novavax,Simone Biles trave,George Clooney"
2021-08-05,"Michael Ballack,Joana Cruz,RTP,Valentino Rossi,Teresa Portela,Champions League,Jennifer Aniston,Rihanna,Cachorro,Selena Gomez,Proença-a-Nova,Taça de Portugal,Rafael Reis,Rali Vinho Madeira,Bárbara Bandeira,Joaquim Agostinho,Eriksen,Burkina Faso,Wesley Fofana,Certificado digital vacinação"
2021-08-06,"Miguel Oliveira,Ronaldo,As,Donda,Carolina Deslandes,ABC  Flamengo,Sara Matos,Marcha,Maratona Jogos olimpicos,Herman jose,Dia Internacional da Cerveja,Futebol Jogos Olímpicos,Pedro Pichardo,Michael Ballack,Marcha Jogos olimpicos,Valentino Rossi,Paços de Ferreira,Vizela,Marca,Joana Cruz"
2021-08-07,"Manchester United  Everton,Arouca  Estoril,Quadro de medalhas,Sifan Hassan,Lukaku,Richarlison,Autoagendamento da vacina,Annika Schleu,Jogos de hoje,Liga Portugal,Praia do Cabeço,Isaquias Queiroz,Sara Moreira,Miguel Oliveira,Brasil Jogos Olímpicos,Volta a Portugal,Grealish,Moreirense-Benfica,Carolina Deslandes,Cristiano Ronaldo"
2021-08-08,"MotoGP,Rio Ave  Académica,Tottenham  Arsenal,Tondela,Feliz Dia dos Pais,Maria Martins,Vitoria,UFC 265,Palmeiras  Fortaleza,Shawn Mendes,Volei feminino,Vieira do Minho,Dortmund,Spartak Moscovo,Jogos Olímpicos,Marítimo  Braga,Leicester City.  City,Brasil Espanha,Dia dos Pais,Tarcisio Meira"
2021-08-09,"Sandro Lima,Leo Messi,Candidatura ensino superior,Famalicao,Cartão do adepto,Ines Mocho,Greve CGD,VOA,Rogerio Samora,Barcelona  Juventus,Miguel Oliveira,Jogos Olímpicos,Barcelona,Andre Ventura,Vitória SC  Portimonense,Real Madrid  Milan,Padrão dos Descobrimentos,Lourenço Ortigão,Tottenham  Arsenal,Kipchoge"
2021-08-10,"Benfica-Spartak,Diogo Branco,Kylie Jenner,David Luiz,Santo Tirso,Carolina Carvalho,Lazaro,Virginia Giuffre,Nacional,Sandro Lima,Gil Vicente-Boavista,Ugarte,Volta a Portugal etapas,Flamengo,Anforas,Ines Mocho,Benfica B,Vitor Pereira,Dick Farrel,Candidatura ensino superior"
2021-08-11,"Volta a Portugal,Desporto,Palmeiras,Norberto Pires,Barraca do Beijo 3,What If,Antonio Banderas,Fransergio,Fafe,Etapas Volta a Portugal,Manuel Marques,Argelia,Cardano,João Almeida,Starlink,Praia da Fuseta,Marisa Liz,Benfica,PSG,Jennifer Aniston"
2021-08-12,"Auto-agendamento,Paulo jose,Umtiti,Queimodromo Porto,Felipe Neto,Cruzeiro,Cesar mourao,Afeganistão,Netflix preços,Flordelis,Fátima Lopes,Eunice,Volta a Portugal,Desporto,Flamengo,Samsung,Palmeiras,Chuva de meteoros,Jacob Elordi,Code"
2021-08-13,"Britney Spears,Sexta-feira treze,STCP,Miguel Oliveira,Santuario de fatima,Carolina Deslandes,Nuno Mendes,Benfica  Arouca,Fluminense,Melgaço,Liga 3,Concurso professores 2021,Diogo Salomão,Tarcísio Meira,Autoagendamento,Agendamento COVID,Ator Paulo José,Umtiti,Talkdesk,Corona"
2021-08-14,"Manchester United  Leeds,Manchester United,Vizela  Tondela,Vespa asiatica,Haiti,Chelsea  Crystal Palace,Lourenço Ortigão,Formula E,Maria Dominguez,Casa Pia  Porto B,João Virgínia,Charlene monaco,Wolves,Lamborghini Countach,Cardano,Banksy,Academica,Numeros euromilhoes,Estoril Vitória SC,Premier League"
2021-08-15,"Gerd Muller,Afeganistão,Gouveia e Melo,Tottenham  City,Renato Sanches,Farense  Rio Ave,Atlético-MG  Palmeiras,Penafiel  Benfica B,Futebol hoje,Roger Fernandes,Portimonense  Gil Vicente,Diego Costa,Toyota Mirai,Nossa Senhora da Assunção,Jennifer Lawrence,Atletico MG,Pyong Lee,Famalicão Porto,Atletico Madrid,Republica Dominicana"
2021-08-16,"Castro Marim,Vouchers,Madonna,Ines Aires Pereira,António Ribeiro Telles,Incendios,Zeca Pagodinho,Afeganistão notícias,Elvis Presley,Bin Laden,Braga  Sporting,Afeganistão,Tottenham  City,Famalicão Porto,Gerd Muller,Santa Clara,Gouveia e Melo,Taliban,Amaro Antunes,Celta de Vigo  Atlético Madrid"
2021-08-17,"Luis Maximiano,Bob Dylan,Paulao,George Clooney,Ana Capeta,Ruben Semedo,Naomi Osaka,NATO,Tammy Abraham,Miguel Sousa Tavares,Shang-Chi,Castro Marim,Mega,Manuais escolares,Afeganistão notícias,Antonio Ribeiro Telles,Benfica PSV,Maps Google,Wendell,Belenenses SAD"
2021-08-18,"Daniela Melchior,Sean Lock,Palmeiras  São Paulo,Pedro Penim,Rui Veloso,Vanuatu,Odemira,Cristiano Ronaldo Real Madrid,Selma Blair,Humankind,Cruzeiro,Dylan O'Brien,Bruno Tabata,Colin Jost,Nova zelandia,Caitriona Balfe,Borussia  Bayern,Bob Dylan,Luis Maximiano,Paulao"
2021-08-19,"Atletico MG,Paços de Ferreira,Sertã,Yaremchuk,Dia mundial da fotografia,Lewandowski,Joao mario,Furacao Grace,SL Benfica,Eternals,UEFA,Ines Aires Pereira,Vidigueira,Joana Duarte,UEFA Champions League,Yoyoso,Waldschmidt,Vasco,Odemira,Daniela Melchior"
2021-08-20,"Santa Clara,OnlyFans,Ajax,Ranking UEFA,Conselho de Ministros,Vanessa Martins,Carolina Patrocínio,Rebel Wilson,Tesla Bot,Mira,Gil Vicente-Benfica,Laura Figueiredo,Joana Cruz,Novas medidas covid,Ed Sheeran,Tottenham,Wendell,Liga Europa,IVAucher,Santa Clara Partizan"
2021-08-21,"Liverpool  Burnley,City  Norwich,Slimani,Margarida Corceiro,24 Horas de Le Mans,Dortmund,Darwin nunez,CM Punk,Farense,Cruzeiro,Freiburg  Borussia,Benfica Gil Vicente,Betis,Restrições Covid,Caitlyn Jenner,Moreirense  Braga,PSG,Santa Clara,Arouca-Famalicão,Kylie Jenner"
2021-08-22,"Southampton  Manchester United,Wolves  Tottenham,Varzim  Rio Ave,Arsenal  Chelsea,Ana Marques,Normal People,Palmeiras  Cuiabá,Veneza,Dennis Rodman,Yan Couto,Pedri,Liechtenstein,Pichardo,Radonjic,Sporting-Belenenses,Ath Bilbao  Barcelona,24h Le Mans,City  Norwich,Marítimo  Porto,Waldschmidt"
2021-08-23,"PSV Benfica,Futebol de praia,Feira do Livro,Spider-Man: No Way Home,Mafalda Castro,Cardano,Kobe Bryant,Camila Cabello,Tony Blair,Cleo Pires,John Wick,Everly Brothers,Academica,Napoli,IMA,Udinese  Juventus,Levante  Real Madrid,Southampton  Manchester United,Chelsea,Wolves  Tottenham"
2021-08-24,"Helena Coelho,Val Kilmer,Tobey Maguire,MC Poze,Jogos Paralímpicos,Fluminense  Atlético-MG,Joao Moura,PSV-Benfica,Real Madrid,Boavista  Santa Clara,Ronaldo,Spider-Man: No Way Home,Futebol de praia,Mafalda Castro,Sara Matos,Feira do Livro,Sampdoria  Milan,Gordon Ramsay,Brian Travers,West Ham"
2021-08-25,"Spencer Elden,Desporto,Michael Schumacher,Graça Freitas,João Virgínia,Liga europa,Paulo Pires,Paul McCartney,Tom Cruise,Feira do livro 2021,Beto,Vuelta,Tempo para hoje,Matrix 4,Benfica FC,Tempo portimão,Eleições autarquicas,Kate Middleton,Spike Lee,Catarina Furtado"
2021-08-26,"Jogos Paralímpicos,Otavio,Joao Moura,Ruth Marlene,OnlyFans,Yolanda Tati,Candyman,Vilar de Mouros,Ronaldo City,Pep Guardiola,Saints Row,Benjamin Mendy,Rita Mendes,Aaliyah,Haven Shepherd,Ana Maria Braga,Hi Fly,Riders Republic,Sao Paulo,Abel Ruiz"
2021-08-27,"Liga Europa sorteio,James rodriguez,MotoGP,MotoGP,F1,TSF,Kanye West,Kate Middleton,Filipe Froes,Fluminense  Atlético-MG,Spencer,Bruno Fernandes,William Carvalho,Dylann Roof,Sporting Liga dos Campeões,Famalicão-Sporting,Cantor Sérgio Reis,Cristiano Ronaldo,Liga dos Campeões,Jogos Paralímpicos"
2021-08-28,"City  Arsenal,Matheus Nunes,Vizela  Boavista,Cristina Ferreira,Ines Castel-Branco,Benfica B,Rio Ave,Ana Guiomar,Liverpool  Chelsea,Chadwick Boseman,Antonio Costa,Nemanja Radonjic,West Ham,Grazi Massafera,Rita Pereira,Cobra Kai,José Raposo,Rui Unas,David Luiz,Jorge Sampaio"
2021-08-29,"Jogos Paralímpicos,Wolves  Manchester United,Barcelona  Getafe,MotoGP,Tottenham  Watford,Gustavo Ribeiro,Angie Costa,Palmeiras,Rita Johal,Taarabt,Queen,Porto B,Corinthians,Almeida,Jota Benfica,Robert F. Kennedy,Russia,Fatima Lopes,Famalicão-Sporting,City  Arsenal"
2021-08-30,"Ruben Semedo,Valentino Lazaro,Nelson Semedo,Seleção portuguesa,Ney Matogrosso,Criptomoedas,Barbara Bandeira,O Sol é uma estrela,Bruno Lage,Monte Redondo,Farense,Atletico MG,US Open,Mahrez,Ruben Dias,Araçatuba,Gilberto,Joao mario,Benfica,PSG"
2021-08-31,"IVAucher,Pablo Sarabia,Camavinga,Portugal FC,Selecao Nacional,Princesa Diana,Diogo Leite,Georgina Rodríguez,Mendy,Emerson Royal,Samaris,Jungkook,Moise Kean,Joelson Fernandes,Finance,Madre Teresa,IUC,Anadia,Belenenses,Coates"
2021-09-01,"Rodrigo Fernandes,ADSE,Jorge Sampaio,Trovoada,Ruben Vinagre,Setembro Amarelo,Falcao,António Ribeiro Telles,Pipoca Mais Doce,Armando Silva,Mattheus Oliveira,Oksana Masters,Ansu Fati,Boateng,Paris Saint-Germain,Pote,Pablo Sarabia,IVAucher,Griezmann,Francisco Menezes"
2021-09-02,"Georgina Rodríguez,Caetano Veloso,Sports,Joe Rogan,Nova Iorque,Manuel Marques,Grupos Mundial2022,Gustavo Santos,Seleção brasileira,Mundial 2022 qualificação,Portugal Irlanda,Jorge Sampaio,ADSE,Rodrigo Fernandes,RTP,Mundial 2022,Qualificação Mundial'2022,Trovoada,RTP1,After 3"
